Timestamp,Gmtoffset,Datetime,Open,High,Low,Close,Volume
1743082200,0,"2025-03-27 13:30:00",103.940002,105,103.779998,104.690002,464282
1743085800,0,"2025-03-27 14:30:00",104.689002,105.260002,104.5,105.239997,399059
1743089400,0,"2025-03-27 15:30:00",105.250701,105.449996,104.710502,104.845001,403900
1743093000,0,"2025-03-27 16:30:00",104.830497,105.224998,104.730003,104.989997,252340
1743096600,0,"2025-03-27 17:30:00",105.004997,105.330001,105.004997,105.18,346050
1743100200,0,"2025-03-27 18:30:00",105.190002,105.283203,104.910003,105.218299,397668
1743103800,0,"2025-03-27 19:30:00",105.239997,105.599998,104.970001,105.150001,845847
1743105600,0,"2025-03-27 20:00:00",105.150001,105.150001,105.150001,105.150001,
1743168600,0,"2025-03-28 13:30:00",105.870002,106.620002,105.373596,106.61,574281
1743172200,0,"2025-03-28 14:30:00",106.620002,106.839996,106.199996,106.400001,823092
1743175800,0,"2025-03-28 15:30:00",106.400001,106.769996,106.29,106.410003,334205
1743179400,0,"2025-03-28 16:30:00",106.370002,106.589996,106.18,106.589996,186248
1743183000,0,"2025-03-28 17:30:00",106.559997,106.830001,106.419998,106.800003,480034
1743186600,0,"2025-03-28 18:30:00",106.785003,107.319999,106.735,107.300003,937986
1743190200,0,"2025-03-28 19:30:00",107.294998,107.410003,106.769996,106.970001,1118821
1743192000,0,"2025-03-28 20:00:00",106.959999,106.959999,106.959999,106.959999,
1743427800,0,"2025-03-31 13:30:00",108.150001,109.760002,107.841003,109.54,1098073
1743431400,0,"2025-03-31 14:30:00",109.54,109.749,108.940002,108.959999,577474
1743435000,0,"2025-03-31 15:30:00",108.93,109.071701,108.449996,108.730003,612283
1743438600,0,"2025-03-31 16:30:00",108.730003,108.879997,108.29,108.425003,398952
1743442200,0,"2025-03-31 17:30:00",108.449996,109.129997,108.425003,109.113197,363551
1743445800,0,"2025-03-31 18:30:00",109.129997,109.5,109.050003,109.389999,469269
1743449400,0,"2025-03-31 19:30:00",109.410003,109.569999,109.04,109.260002,1088428
1743451200,0,"2025-03-31 20:00:00",109.269996,109.269996,109.269996,109.269996,
1743514200,0,"2025-04-01 13:30:00",108.61,108.785003,107.519996,108.099998,830154
1743517800,0,"2025-04-01 14:30:00",108.102401,108.764999,108.04,108.709999,313620
1743521400,0,"2025-04-01 15:30:00",108.650001,108.879997,108.419998,108.419998,235644
1743525000,0,"2025-04-01 16:30:00",108.36,108.529701,107.880096,107.964996,222752
1743528600,0,"2025-04-01 17:30:00",107.951797,108.139999,107.709999,108.080001,328261
1743532200,0,"2025-04-01 18:30:00",108.069999,108.150001,107.770401,108.105003,329072
1743535800,0,"2025-04-01 19:30:00",108.105003,108.669998,108.099998,108.389999,735951
1743537600,0,"2025-04-01 20:00:00",108.370002,108.370002,108.370002,108.370002,
1743600600,0,"2025-04-02 13:30:00",108.800003,108.800003,107.349998,108.165,392163
1743604200,0,"2025-04-02 14:30:00",108.160003,108.720001,108.150001,108.519996,195418
1743607800,0,"2025-04-02 15:30:00",108.550003,108.569999,107.440002,107.489997,236319
1743611400,0,"2025-04-02 16:30:00",107.5,108.370002,107.279998,107.389999,283947
1743615000,0,"2025-04-02 17:30:00",107.36,108.370002,107.305,107.339996,339970
1743618600,0,"2025-04-02 18:30:00",107.334999,107.845001,107.269996,107.639999,342117
1743622200,0,"2025-04-02 19:30:00",107.614997,107.839996,107.529998,107.730003,474135
1743624000,0,"2025-04-02 20:00:00",107.75,107.75,107.75,107.75,
1743687000,0,"2025-04-03 13:30:00",109.760002,110.449996,107.75,108.425003,1237346
1743690600,0,"2025-04-03 14:30:00",108.400001,109.605003,108.254997,109.300003,592412
1743694200,0,"2025-04-03 15:30:00",109.279998,109.379997,108.669998,108.93,536011
1743697800,0,"2025-04-03 16:30:00",108.949996,109.220001,108.434997,109.169998,461121
1743701400,0,"2025-04-03 17:30:00",109.18,109.730003,108.980003,109.54,512970
1743705000,0,"2025-04-03 18:30:00",109.529998,109.745002,109.279998,109.529998,490395
1743708600,0,"2025-04-03 19:30:00",109.54,109.54,108.830001,109.139999,831956
1743710400,0,"2025-04-03 20:00:00",109.11,109.11,109.11,109.11,
1743773400,0,"2025-04-04 13:30:00",110.120002,110.480003,107.849998,109.139999,1211093
1743777000,0,"2025-04-04 14:30:00",109.120002,109.86,107.300003,107.605003,1003753
1743780600,0,"2025-04-04 15:30:00",107.839996,108.025001,106.635002,106.769996,638913
1743784200,0,"2025-04-04 16:30:00",106.769996,107.050003,105.370002,105.910003,536041
1743787800,0,"2025-04-04 17:30:00",105.889999,106.339996,104.489997,104.830001,539648
1743791400,0,"2025-04-04 18:30:00",104.849998,105.106796,103.915,104.769996,786942
1743795000,0,"2025-04-04 19:30:00",104.75,105.379997,104.440002,104.459999,1031608
1743796800,0,"2025-04-04 20:00:00",104.480003,104.480003,104.480003,104.480003,
1744032600,0,"2025-04-07 13:30:00",104.25,104.79,100.669998,102.5,1620585
1744036200,0,"2025-04-07 14:30:00",102.555,103.36,101.529998,101.614997,754886
1744039800,0,"2025-04-07 15:30:00",101.569999,102.559997,101.550003,102.099998,420323
1744043400,0,"2025-04-07 16:30:00",102.080001,102.5,101.309997,102.440002,412777
1744047000,0,"2025-04-07 17:30:00",102.440002,103.510002,102.139999,103.324996,609007
1744050600,0,"2025-04-07 18:30:00",103.334999,103.610801,101.730003,101.93,893180
1744054200,0,"2025-04-07 19:30:00",101.940002,102.489997,101.389999,101.550003,1026307
1744056000,0,"2025-04-07 20:00:00",101.569999,101.569999,101.569999,101.569999,
1744119000,0,"2025-04-08 13:30:00",102.25,102.650001,100.919998,102.260002,925546
1744122600,0,"2025-04-08 14:30:00",102.220001,103.414901,102.190002,102.629997,523637
1744126200,0,"2025-04-08 15:30:00",102.620002,103.848999,102.569999,103.848999,425348
1744129800,0,"2025-04-08 16:30:00",103.93,103.980003,101.791,101.904998,453099
1744133400,0,"2025-04-08 17:30:00",101.894996,102.309997,101.1315,101.209999,377221
1744137000,0,"2025-04-08 18:30:00",101.269996,102.089996,101.18,101.709999,720268
1744140600,0,"2025-04-08 19:30:00",101.720001,101.720001,100.559997,101.370002,1643303
1744142400,0,"2025-04-08 20:00:00",101.279998,101.279998,101.279998,101.279998,
1744205400,0,"2025-04-09 13:30:00",100.949996,100.980003,98.660102,99.330001,1618870
1744209000,0,"2025-04-09 14:30:00",99.194999,99.43,98.349998,99.11,410183
1744212600,0,"2025-04-09 15:30:00",99.11,99.79,98.61,99.547698,271294
1744216200,0,"2025-04-09 16:30:00",99.555,103.819999,99.339996,102.849998,561474
1744219800,0,"2025-04-09 17:30:00",102.93,103.574996,100.61,101.089996,791296
1744223400,0,"2025-04-09 18:30:00",101.089996,102.139999,100.480003,101.470001,794357
1744227000,0,"2025-04-09 19:30:00",101.474998,102.644996,101.400001,102.309997,1063438
1744228800,0,"2025-04-09 20:00:00",102.349998,102.349998,102.349998,102.349998,
1744291800,0,"2025-04-10 13:30:00",102.099998,104.309997,101.980003,102.845001,815326
1744295400,0,"2025-04-10 14:30:00",102.925003,103.035003,102.300003,103,287827
1744299000,0,"2025-04-10 15:30:00",103.050003,103.050003,101.519996,101.785003,295854
1744302600,0,"2025-04-10 16:30:00",101.760002,103.239997,101.720001,102.620002,282288
1744306200,0,"2025-04-10 17:30:00",102.550003,104,102.360099,103.875,320392
1744309800,0,"2025-04-10 18:30:00",103.905502,104.154998,103.389999,103.5,330882
1744313400,0,"2025-04-10 19:30:00",103.480003,103.626403,102.690002,103.18,718168
1744315200,0,"2025-04-10 20:00:00",103.199996,103.199996,103.199996,103.199996,
1744378200,0,"2025-04-11 13:30:00",103.595001,103.79,101.86,103.220001,251680
1744381800,0,"2025-04-11 14:30:00",103.199996,103.785003,102.870002,103.230003,277112
1744385400,0,"2025-04-11 15:30:00",103.224998,104.459999,103.160003,104.300003,244228
1744389000,0,"2025-04-11 16:30:00",104.319999,104.93,104.29,104.400001,220895
1744392600,0,"2025-04-11 17:30:00",104.419998,105.129997,104.339996,104.879997,283521
1744396200,0,"2025-04-11 18:30:00",104.839996,105.080001,104.735,104.949996,342942
1744399800,0,"2025-04-11 19:30:00",104.934997,105.169998,104.529998,104.620002,742857
1744401600,0,"2025-04-11 20:00:00",104.629997,104.629997,104.629997,104.629997,
1744637400,0,"2025-04-14 13:30:00",104.449996,106.150001,103.730003,105.962402,453790
1744641000,0,"2025-04-14 14:30:00",105.980003,106.385002,105.830001,106.050003,171404
1744644600,0,"2025-04-14 15:30:00",106.099998,106.68,106,106.389999,224938
1744648200,0,"2025-04-14 16:30:00",106.419998,106.569999,106,106.370002,276191
1744651800,0,"2025-04-14 17:30:00",106.389999,106.800003,106.234397,106.763999,132933
1744655400,0,"2025-04-14 18:30:00",106.809997,106.940002,106.495002,106.769996,215084
1744659000,0,"2025-04-14 19:30:00",106.739997,106.839996,106.455001,106.569999,419554
1744660800,0,"2025-04-14 20:00:00",106.580001,106.580001,106.580001,106.580001,
1744723800,0,"2025-04-15 13:30:00",107.050003,107.410797,106.209999,107.364997,288347
1744727400,0,"2025-04-15 14:30:00",107.339996,107.504997,106.949996,106.970001,183861
1744731000,0,"2025-04-15 15:30:00",106.949996,107.160003,106.809997,106.977401,153695
1744734600,0,"2025-04-15 16:30:00",106.989997,107.160003,106.879997,106.995002,133644
1744738200,0,"2025-04-15 17:30:00",106.980003,107.04,106.660003,106.86,155373
1744741800,0,"2025-04-15 18:30:00",106.837898,107.150001,106.837898,106.980003,229224
1744745400,0,"2025-04-15 19:30:00",106.985,107.029998,106.580001,106.68,725903
1744747200,0,"2025-04-15 20:00:00",106.68,106.68,106.68,106.68,
1744810200,0,"2025-04-16 13:30:00",106.940002,107.279998,106.605003,106.889999,233502
1744813800,0,"2025-04-16 14:30:00",106.889999,107.440002,106.889999,107.373703,155372
1744817400,0,"2025-04-16 15:30:00",107.410003,107.459999,106.870002,107.065002,124557
1744821000,0,"2025-04-16 16:30:00",107.059997,107.199996,106.910003,107,146079
1744824600,0,"2025-04-16 17:30:00",107,107.019996,106.419998,106.61,286090
1744828200,0,"2025-04-16 18:30:00",106.595001,106.68,106.050003,106.150001,345665
1744831800,0,"2025-04-16 19:30:00",106.150001,106.260002,105.650001,105.919998,526832
1744833600,0,"2025-04-16 20:00:00",105.919998,105.919998,105.919998,105.919998,
1744896600,0,"2025-04-17 13:30:00",106.79,108.519996,106.669998,108.25,539639
1744900200,0,"2025-04-17 14:30:00",108.29,108.449996,107.832603,108.171203,283729
1744903800,0,"2025-04-17 15:30:00",108.135002,108.690002,108.029998,108.625,230615
1744907400,0,"2025-04-17 16:30:00",108.589996,108.970001,108.5,108.639999,151824
1744911000,0,"2025-04-17 17:30:00",108.629997,109.029998,108.449996,108.808898,279115
1744914600,0,"2025-04-17 18:30:00",108.794998,108.946601,108.150001,108.190002,295914
1744918200,0,"2025-04-17 19:30:00",108.269996,108.449996,107.519996,107.689002,486537
1744920000,0,"2025-04-17 20:00:00",107.709999,107.709999,107.709999,107.709999,
1745242200,0,"2025-04-21 13:30:00",107.709999,107.769996,106.830001,106.940002,169358
1745245800,0,"2025-04-21 14:30:00",106.970001,107.099998,106.330001,106.347099,111962
1745249400,0,"2025-04-21 15:30:00",106.349998,106.349998,105.709999,105.709999,116352
1745253000,0,"2025-04-21 16:30:00",105.722503,105.900001,105.120002,105.169998,120611
1745256600,0,"2025-04-21 17:30:00",105.190002,105.239997,104.720001,105.18,133032
1745260200,0,"2025-04-21 18:30:00",105.160003,105.440002,104.889999,105.080001,366638
1745263800,0,"2025-04-21 19:30:00",105.099998,105.779998,105.099998,105.529998,577942
1745265600,0,"2025-04-21 20:00:00",105.529998,105.529998,105.529998,105.529998,
1745328600,0,"2025-04-22 13:30:00",106.260002,107.370002,106.178199,107.294998,180962
1745332200,0,"2025-04-22 14:30:00",107.370002,107.900001,107.349998,107.559997,185686
1745335800,0,"2025-04-22 15:30:00",107.544998,108.309997,107.544998,107.629997,150294
1745339400,0,"2025-04-22 16:30:00",107.669998,107.940002,107.440002,107.459999,241474
1745343000,0,"2025-04-22 17:30:00",107.410003,107.569999,106.910003,107.470001,145947
1745346600,0,"2025-04-22 18:30:00",107.485,107.896697,107.485,107.800003,215871
1745350200,0,"2025-04-22 19:30:00",107.769996,108.254997,107.690002,108.11,603312
1745352000,0,"2025-04-22 20:00:00",108.150001,108.150001,108.150001,108.150001,
1745415000,0,"2025-04-23 13:30:00",107.580001,107.970001,106.573501,107.959999,589891
1745418600,0,"2025-04-23 14:30:00",107.989997,108.125,106.059997,106.324996,342146
1745422200,0,"2025-04-23 15:30:00",106.319999,106.404998,105.580001,105.794998,235131
1745425800,0,"2025-04-23 16:30:00",105.779998,106.330001,105.739997,106.04,204517
1745429400,0,"2025-04-23 17:30:00",106.029998,106.129997,105.669998,105.699996,202310
1745433000,0,"2025-04-23 18:30:00",105.720001,106.470001,105.7005,106.419998,246547
1745436600,0,"2025-04-23 19:30:00",106.440002,107.194999,106.440002,106.970001,551533
1745438400,0,"2025-04-23 20:00:00",107.019996,107.019996,107.019996,107.019996,
1745501400,0,"2025-04-24 13:30:00",106.955001,107.019996,105.694999,106.154998,292666
1745505000,0,"2025-04-24 14:30:00",106.129997,106.555,106.044998,106.470001,214285
1745508600,0,"2025-04-24 15:30:00",106.480003,107.43,106.410003,107.275001,260980
1745512200,0,"2025-04-24 16:30:00",107.300003,107.625,107.170501,107.239997,206163
1745515800,0,"2025-04-24 17:30:00",107.239997,107.389999,106.989997,107.205001,215037
1745519400,0,"2025-04-24 18:30:00",107.199996,107.309997,106.739997,106.870002,215650
1745523000,0,"2025-04-24 19:30:00",106.870002,107.04,106.639999,106.639999,636098
1745524800,0,"2025-04-24 20:00:00",106.699996,106.699996,106.699996,106.699996,
1745587800,0,"2025-04-25 13:30:00",106.769996,106.769996,105.61,105.857498,267496
1745591400,0,"2025-04-25 14:30:00",105.910003,106.330001,105.855003,105.949996,176070
1745595000,0,"2025-04-25 15:30:00",105.919998,106.300003,105.805,106.245002,195025
1745598600,0,"2025-04-25 16:30:00",106.239997,106.239997,105.919998,106.04,161356
1745602200,0,"2025-04-25 17:30:00",106.019996,106.839996,105.949996,106.769996,342332
1745605800,0,"2025-04-25 18:30:00",106.779998,106.830001,106.470001,106.61,176976
1745609400,0,"2025-04-25 19:30:00",106.589996,106.819999,106.5,106.730003,391297
1745611200,0,"2025-04-25 20:00:00",106.739997,106.739997,106.739997,106.739997,
1745847000,0,"2025-04-28 13:30:00",106.739997,107.019996,105.699996,106.279998,284689
1745850600,0,"2025-04-28 14:30:00",106.269996,107.5037,106.160003,107.485,167652
1745854200,0,"2025-04-28 15:30:00",107.559799,107.559799,106.920097,107.055,162232
1745857800,0,"2025-04-28 16:30:00",107.055,107.199996,106.944999,106.944999,213246
1745861400,0,"2025-04-28 17:30:00",106.949996,107.199996,106.900001,107.175003,174905
1745865000,0,"2025-04-28 18:30:00",107.184997,107.199996,107.004997,107.080001,247447
1745868600,0,"2025-04-28 19:30:00",107.089996,107.43,106.949996,107.050003,837791
1745870400,0,"2025-04-28 20:00:00",107.059997,107.059997,107.059997,107.059997,
1745933400,0,"2025-04-29 13:30:00",107.199996,107.510002,106.29,107.509597,386409
1745937000,0,"2025-04-29 14:30:00",107.489997,107.709999,107.230003,107.470001,518077
1745940600,0,"2025-04-29 15:30:00",107.470001,107.61,107.139999,107.470001,165284
1745944200,0,"2025-04-29 16:30:00",107.474998,107.740997,107.25,107.740997,135649
1745947800,0,"2025-04-29 17:30:00",107.739997,108.190002,107.669998,107.879997,163196
1745951400,0,"2025-04-29 18:30:00",107.889999,108.120002,107.800498,108.029998,303130
1745955000,0,"2025-04-29 19:30:00",108.069999,108.580001,107.970001,108.489997,522521
1745956800,0,"2025-04-29 20:00:00",108.5,108.5,108.5,108.5,
1746019800,0,"2025-04-30 13:30:00",108.970001,109.080001,106.339996,106.870002,1038259
1746023400,0,"2025-04-30 14:30:00",106.870002,107.93,106.870002,107.93,547426
1746027000,0,"2025-04-30 15:30:00",107.93,107.980003,107.29,107.650001,178478
1746030600,0,"2025-04-30 16:30:00",107.639999,107.910003,107.43,107.785003,139531
1746034200,0,"2025-04-30 17:30:00",107.779998,108.25,107.480003,107.54,1100404
1746037800,0,"2025-04-30 18:30:00",107.519996,107.79,107.294998,107.580001,244256
1746041400,0,"2025-04-30 19:30:00",107.589996,108.61,107.330001,108.279998,584537
1746043200,0,"2025-04-30 20:00:00",108.339996,108.339996,108.339996,108.339996,
1746106200,0,"2025-05-01 13:30:00",107.879997,108.629997,107.125,108.339996,497982
1746109800,0,"2025-05-01 14:30:00",108.319999,108.760002,108.105003,108.319297,246711
1746113400,0,"2025-05-01 15:30:00",108.279998,108.334999,107.61,107.639999,250302
1746117000,0,"2025-05-01 16:30:00",107.68,108.069999,107.550003,107.93,133051
1746120600,0,"2025-05-01 17:30:00",107.93,108.050003,107.629997,107.785003,127088
1746124200,0,"2025-05-01 18:30:00",107.785003,107.889999,107.620002,107.769996,200033
1746127800,0,"2025-05-01 19:30:00",107.769996,107.949996,107.449996,107.509002,489549
1746129600,0,"2025-05-01 20:00:00",107.54,107.54,107.54,107.54,
1746192600,0,"2025-05-02 13:30:00",108.269996,108.334999,107.230003,108.279998,331712
1746196200,0,"2025-05-02 14:30:00",108.25,108.324996,107.550003,107.760002,209923
1746199800,0,"2025-05-02 15:30:00",107.785003,107.879997,107.254997,107.349998,180723
1746203400,0,"2025-05-02 16:30:00",107.3498,107.480201,107.160003,107.364997,138034
1746207000,0,"2025-05-02 17:30:00",107.389999,107.779998,107.260002,107.779998,134177
1746210600,0,"2025-05-02 18:30:00",107.785003,108.099998,107.699996,108.019996,186177
1746214200,0,"2025-05-02 19:30:00",107.970001,108.169998,107.629997,107.690002,352579
1746216000,0,"2025-05-02 20:00:00",107.690002,107.690002,107.690002,107.690002,
1746451800,0,"2025-05-05 13:30:00",107.93,108.039901,106.269996,106.699996,962627
1746455400,0,"2025-05-05 14:30:00",106.660003,107.319999,106.544998,107.099998,169848
1746459000,0,"2025-05-05 15:30:00",107.099998,107.470001,107.067398,107.345001,100540
1746462600,0,"2025-05-05 16:30:00",107.294998,107.319999,106.983497,107.050003,122359
1746466200,0,"2025-05-05 17:30:00",107.069999,107.459999,107.069999,107.449996,123256
1746469800,0,"2025-05-05 18:30:00",107.440002,107.580001,107.239997,107.309997,149979
1746473400,0,"2025-05-05 19:30:00",107.309997,107.529998,107.190002,107.440002,376978
1746475200,0,"2025-05-05 20:00:00",107.440002,107.440002,107.440002,107.440002,
1746538200,0,"2025-05-06 13:30:00",108.239997,109.029998,107,107.300003,411206
1746541800,0,"2025-05-06 14:30:00",107.279998,108.650001,107.279998,108.349998,376197
1746545400,0,"2025-05-06 15:30:00",108.389999,108.800003,107.830001,107.900001,409613
1746549000,0,"2025-05-06 16:30:00",107.910003,108.320503,107.8983,108.169998,210470
1746552600,0,"2025-05-06 17:30:00",108.199798,108.449996,108.069999,108.449996,180473
1746556200,0,"2025-05-06 18:30:00",108.442001,108.550003,108.220001,108.309997,299628
1746559800,0,"2025-05-06 19:30:00",108.309997,108.419998,107.339996,107.5,701268
1746624600,0,"2025-05-07 13:30:00",107.43,107.739303,106.639999,106.650001,367499
1746628200,0,"2025-05-07 14:30:00",106.650001,107.279998,106.5,107.245002,222368
1746631800,0,"2025-05-07 15:30:00",107.269996,107.934997,107.264999,107.800003,190002
1746635400,0,"2025-05-07 16:30:00",107.819999,108.099998,107.780097,107.940002,143460
1746639000,0,"2025-05-07 17:30:00",107.940002,107.949996,107.139999,107.510002,253884
1746642600,0,"2025-05-07 18:30:00",107.5,108.160003,107.370002,107.370002,336682
1746646200,0,"2025-05-07 19:30:00",107.389396,107.855003,107.129997,107.460998,535769
1746648000,0,"2025-05-07 20:00:00",107.480003,107.480003,107.480003,107.480003,
1746711000,0,"2025-05-08 13:30:00",106.900001,107.319999,106.150001,106.805,464352
1746714600,0,"2025-05-08 14:30:00",106.79,107.010002,106.099998,106.875,325756
1746718200,0,"2025-05-08 15:30:00",106.805,107.059997,106.394996,106.421096,204935
1746721800,0,"2025-05-08 16:30:00",106.400001,106.765403,106.379997,106.549797,164253
1746725400,0,"2025-05-08 17:30:00",106.54,106.589996,104.529998,105.370002,703744
1746729000,0,"2025-05-08 18:30:00",105.260002,105.779998,105.175003,105.559997,368505
1746732600,0,"2025-05-08 19:30:00",105.569999,105.699996,105.060997,105.202003,549474
1746734400,0,"2025-05-08 20:00:00",105.190002,105.190002,105.190002,105.190002,
1746797400,0,"2025-05-09 13:30:00",104.650001,104.650001,103.724998,104.400001,777623
1746801000,0,"2025-05-09 14:30:00",104.419998,104.839996,103.760002,104.105003,210945
1746804600,0,"2025-05-09 15:30:00",104.120002,104.470001,104.016197,104.25,179361
1746808200,0,"2025-05-09 16:30:00",104.239997,104.309997,103.839996,104.209999,163343
1746811800,0,"2025-05-09 17:30:00",104.224998,104.79,104.160003,104.632499,217039
1746815400,0,"2025-05-09 18:30:00",104.639999,104.839996,104.599998,104.660003,294858
1746819000,0,"2025-05-09 19:30:00",104.669998,104.709999,104.5,104.669998,662437
1746820800,0,"2025-05-09 20:00:00",104.68,104.68,104.68,104.68,
1747056600,0,"2025-05-12 13:30:00",103.434997,103.61,102.444999,102.75,586893
1747060200,0,"2025-05-12 14:30:00",102.769996,102.970001,102.029998,102.074996,320159
1747063800,0,"2025-05-12 15:30:00",102.059997,102.370002,101.634002,101.940002,376822
1747067400,0,"2025-05-12 16:30:00",101.959999,102.129997,101.550003,101.61,219869
1747071000,0,"2025-05-12 17:30:00",101.629997,102.059997,101.569999,101.809997,230031
1747074600,0,"2025-05-12 18:30:00",101.839996,101.970001,101.370002,101.370002,328840
1747078200,0,"2025-05-12 19:30:00",101.350997,101.449996,100.569999,101.019996,1235426
1747080000,0,"2025-05-12 20:00:00",100.989997,100.989997,100.989997,100.989997,
1747143000,0,"2025-05-13 13:30:00",100.989997,101.279998,99.400001,99.985,597883
1747146600,0,"2025-05-13 14:30:00",99.970001,100.599998,99.93,100.449996,362294
1747150200,0,"2025-05-13 15:30:00",100.440002,100.650001,100.129997,100.269996,345693
1747153800,0,"2025-05-13 16:30:00",100.279998,100.669998,100.25,100.61,273334
1747157400,0,"2025-05-13 17:30:00",100.599998,100.699996,99.949996,100.04,593390
1747161000,0,"2025-05-13 18:30:00",100.044998,100.260002,99.769996,99.809997,474273
1747164600,0,"2025-05-13 19:30:00",99.815002,100,99.449996,99.529998,750886
1747166400,0,"2025-05-13 20:00:00",99.559997,99.559997,99.559997,99.559997,
1747229400,0,"2025-05-14 13:30:00",99.260002,99.260002,97.779998,97.904998,1651460
1747233000,0,"2025-05-14 14:30:00",97.879997,98.105003,97.470001,97.949996,388444
1747236600,0,"2025-05-14 15:30:00",97.959999,98.355003,97.900001,98.190002,544475
1747240200,0,"2025-05-14 16:30:00",98.190002,98.580001,98.059997,98.440002,355976
1747243800,0,"2025-05-14 17:30:00",98.455001,98.760002,98.245002,98.669998,255226
1747247400,0,"2025-05-14 18:30:00",98.690002,98.849998,98.485,98.61,267293
1747251000,0,"2025-05-14 19:30:00",98.605003,98.980003,98.449996,98.580001,779037
1747252800,0,"2025-05-14 20:00:00",98.589996,98.589996,98.589996,98.589996,
1747315800,0,"2025-05-15 13:30:00",99.370002,100.669998,99.349998,100.339996,1072307
1747319400,0,"2025-05-15 14:30:00",100.349998,100.872596,100.319999,100.580001,470271
1747323000,0,"2025-05-15 15:30:00",100.580001,100.629997,100.099998,100.214996,350105
1747326600,0,"2025-05-15 16:30:00",100.220001,100.589996,99.949996,100.387397,241628
1747330200,0,"2025-05-15 17:30:00",100.379997,100.75,100.370002,100.724998,249417
1747333800,0,"2025-05-15 18:30:00",100.720001,101.54,100.669998,101.529998,454399
1747337400,0,"2025-05-15 19:30:00",101.529998,101.699996,101.209999,101.61,781236
1747339200,0,"2025-05-15 20:00:00",101.61,101.61,101.61,101.61,
1747402200,0,"2025-05-16 13:30:00",101.644996,102.190002,101.254997,101.889999,417769
1747405800,0,"2025-05-16 14:30:00",101.93,102.529998,101.900001,102.2984,144885
1747409400,0,"2025-05-16 15:30:00",102.319999,102.580001,102.077499,102.569999,148693
1747413000,0,"2025-05-16 16:30:00",102.591499,102.638801,102.349998,102.400001,123926
1747416600,0,"2025-05-16 17:30:00",102.400001,102.629997,102.389999,102.61,135374
1747420200,0,"2025-05-16 18:30:00",102.61,102.730003,102.474998,102.705001,203159
1747423800,0,"2025-05-16 19:30:00",102.705001,103.089996,102.644996,103.050003,598581
1747425600,0,"2025-05-16 20:00:00",103.04,103.04,103.04,103.04,
1747661400,0,"2025-05-19 13:30:00",102.684997,103.550003,102.519996,103.54,269759
1747665000,0,"2025-05-19 14:30:00",103.529998,103.550003,103.099998,103.379997,130512
1747668600,0,"2025-05-19 15:30:00",103.408996,103.489997,103.209999,103.379997,100298
1747672200,0,"2025-05-19 16:30:00",103.349998,103.7107,103.305,103.580001,113630
1747675800,0,"2025-05-19 17:30:00",103.550003,103.665,103.480003,103.620002,135867
1747679400,0,"2025-05-19 18:30:00",103.620002,103.669998,103.279998,103.290298,238920
1747683000,0,"2025-05-19 19:30:00",103.319999,103.870002,103.319999,103.760002,344093
1747684800,0,"2025-05-19 20:00:00",103.779998,103.779998,103.779998,103.779998,
1747747800,0,"2025-05-20 13:30:00",103.639999,104.239997,103.605003,104.029998,244919
1747751400,0,"2025-05-20 14:30:00",103.989997,104.190002,103.739997,104.010597,146774
1747755000,0,"2025-05-20 15:30:00",104.019996,104.019996,103.620002,103.720001,139262
1747758600,0,"2025-05-20 16:30:00",103.724998,104.019996,103.720001,103.944999,144672
1747762200,0,"2025-05-20 17:30:00",103.959999,104.099998,103.830001,103.940002,166201
1747765800,0,"2025-05-20 18:30:00",103.949996,103.989997,103.690002,103.709999,217802
1747769400,0,"2025-05-20 19:30:00",103.709999,103.796501,103.589996,103.730003,374945
1747771200,0,"2025-05-20 20:00:00",103.730003,103.730003,103.730003,103.730003,
1747834200,0,"2025-05-21 13:30:00",103.559997,103.919998,103.410003,103.489997,329530
1747837800,0,"2025-05-21 14:30:00",103.470001,103.559997,102.834999,103.229896,158924
1747841400,0,"2025-05-21 15:30:00",103.269996,103.43,103.069999,103.209999,178701
1747845000,0,"2025-05-21 16:30:00",103.220001,103.364997,103,103.239997,181784
1747848600,0,"2025-05-21 17:30:00",103.199996,103.214996,102.54,102.635002,192277
1747852200,0,"2025-05-21 18:30:00",102.644996,102.889999,102.43,102.819999,220678
1747855800,0,"2025-05-21 19:30:00",102.830001,103.220001,102.830001,102.919998,434818
1747857600,0,"2025-05-21 20:00:00",102.93,102.93,102.93,102.93,
1747920600,0,"2025-05-22 13:30:00",102.720001,103.069999,101.254997,101.260002,404096
1747924200,0,"2025-05-22 14:30:00",101.264999,101.599998,100.934402,101.480003,676991
1747927800,0,"2025-05-22 15:30:00",101.425003,102.080001,101.389999,101.599998,162327
1747931400,0,"2025-05-22 16:30:00",101.61,101.819999,101.230003,101.809501,112740
1747935000,0,"2025-05-22 17:30:00",101.800003,101.86,101.650001,101.730003,268623
1747938600,0,"2025-05-22 18:30:00",101.730003,102.260002,101.660003,102.260002,230819
1747942200,0,"2025-05-22 19:30:00",102.264999,102.264999,101.739997,101.819999,417273
1747944000,0,"2025-05-22 20:00:00",101.800003,101.800003,101.800003,101.800003,
1748007000,0,"2025-05-23 13:30:00",102.639999,102.889999,101.199996,101.269996,235976
1748010600,0,"2025-05-23 14:30:00",101.29,101.86,101.209999,101.845001,124061
1748014200,0,"2025-05-23 15:30:00",101.849998,102.295501,101.845001,102.260002,130133
1748017800,0,"2025-05-23 16:30:00",102.239997,102.529998,102.18,102.529998,152770
1748021400,0,"2025-05-23 17:30:00",102.5,102.713203,102.43,102.580001,129027
1748025000,0,"2025-05-23 18:30:00",102.620002,102.839996,102.584999,102.635002,144844
1748028600,0,"2025-05-23 19:30:00",102.650001,102.959999,102.580001,102.870002,407895
1748030400,0,"2025-05-23 20:00:00",102.879997,102.879997,102.879997,102.879997,
1748352600,0,"2025-05-27 13:30:00",103.440002,103.449996,102.569999,102.75,373152
1748356200,0,"2025-05-27 14:30:00",102.75,103.209999,102.75,103.089996,254755
1748359800,0,"2025-05-27 15:30:00",103.080001,103.114997,102.800003,102.980003,213162
1748363400,0,"2025-05-27 16:30:00",103,103.139999,102.917503,103.11,158427
1748367000,0,"2025-05-27 17:30:00",103.099998,103.385002,102.995002,103.199996,236991
1748370600,0,"2025-05-27 18:30:00",103.209999,103.394996,103.18,103.330001,260697
1748374200,0,"2025-05-27 19:30:00",103.330001,103.370002,102.839996,102.910003,494352
1748376000,0,"2025-05-27 20:00:00",102.910003,102.910003,102.910003,102.910003,
1748439000,0,"2025-05-28 13:30:00",102.699996,102.889999,102.269996,102.269996,303173
1748442600,0,"2025-05-28 14:30:00",102.279998,102.569999,101.779998,101.86,212116
1748446200,0,"2025-05-28 15:30:00",101.879997,101.919998,101.614997,101.709999,199362
1748449800,0,"2025-05-28 16:30:00",101.68,101.834999,101.599998,101.690002,183411
1748453400,0,"2025-05-28 17:30:00",101.665,101.709999,101.370002,101.555,243524
1748457000,0,"2025-05-28 18:30:00",101.580001,101.805,101.279998,101.709999,289637
1748460600,0,"2025-05-28 19:30:00",101.705001,101.839996,101.459999,101.698997,375163
1748462400,0,"2025-05-28 20:00:00",101.68,101.68,101.68,101.68,
1748525400,0,"2025-05-29 13:30:00",101.541801,102.449996,100.86,102.25,321475
1748529000,0,"2025-05-29 14:30:00",102.239997,102.349998,101.669998,101.940002,200767
1748532600,0,"2025-05-29 15:30:00",101.944999,102.25,101.699996,102.169998,150476
1748536200,0,"2025-05-29 16:30:00",102.150001,102.559997,102.150001,102.474998,141311
1748539800,0,"2025-05-29 17:30:00",102.474998,102.659896,102.29,102.555,188264
1748543400,0,"2025-05-29 18:30:00",102.565002,102.769996,102.449996,102.449996,218937
1748547000,0,"2025-05-29 19:30:00",102.449996,102.629997,102.330001,102.54,383305
1748548800,0,"2025-05-29 20:00:00",102.529998,102.529998,102.529998,102.529998,
1748611800,0,"2025-05-30 13:30:00",102.449996,103.069999,102.449996,102.5,262755
1748615400,0,"2025-05-30 14:30:00",102.506401,102.660003,102.260002,102.549797,205792
1748619000,0,"2025-05-30 15:30:00",102.54,102.830001,102.449996,102.61,134282
1748622600,0,"2025-05-30 16:30:00",102.599998,103.014999,102.599998,103.014999,146943
1748626200,0,"2025-05-30 17:30:00",103.012603,103.319999,102.830001,103.190002,161350
1748629800,0,"2025-05-30 18:30:00",103.199996,103.535003,103.144996,103.469802,195681
1748633400,0,"2025-05-30 19:30:00",103.43,103.769996,103.29,103.489997,655918
1748635200,0,"2025-05-30 20:00:00",103.489997,103.489997,103.489997,103.489997,
1748871000,0,"2025-06-02 13:30:00",102.879997,103.169998,102.25,102.730003,269596
1748874600,0,"2025-06-02 14:30:00",102.75,103.489601,102.75,103.160003,219049
1748878200,0,"2025-06-02 15:30:00",103.120002,103.154998,102.760002,102.86,187880
1748881800,0,"2025-06-02 16:30:00",102.900001,102.904998,102.699996,102.724998,118001
1748885400,0,"2025-06-02 17:30:00",102.739997,103,102.660003,102.9775,152174
1748889000,0,"2025-06-02 18:30:00",102.974998,103.190002,102.889999,103.105003,183245
1748892600,0,"2025-06-02 19:30:00",103.120002,103.25,103.044998,103.160003,322458
1748894400,0,"2025-06-02 20:00:00",103.18,103.18,103.18,103.18,
1748957400,0,"2025-06-03 13:30:00",102.830001,103.120002,101.915,102.120002,293953
1748961000,0,"2025-06-03 14:30:00",102.209999,102.36,101.760002,102.169998,194668
1748964600,0,"2025-06-03 15:30:00",102.199996,102.730003,102.199996,102.459999,126826
1748968200,0,"2025-06-03 16:30:00",102.440002,102.7901,102.309997,102.75,130909
1748971800,0,"2025-06-03 17:30:00",102.75,102.800003,102.324996,102.699996,223250
1748975400,0,"2025-06-03 18:30:00",102.745201,102.769996,102.559997,102.68,163145
1748979000,0,"2025-06-03 19:30:00",102.68,102.959999,102.68,102.830001,346824
1748980800,0,"2025-06-03 20:00:00",102.830001,102.830001,102.830001,102.830001,
1749043800,0,"2025-06-04 13:30:00",102.849998,102.849998,101.769996,102.489997,167161
1749047400,0,"2025-06-04 14:30:00",102.529998,102.724998,102.169998,102.647598,131425
1749051000,0,"2025-06-04 15:30:00",102.629997,102.86,102.485,102.769996,110820
1749054600,0,"2025-06-04 16:30:00",102.79,103.339996,102.79,103.089996,140605
1749058200,0,"2025-06-04 17:30:00",103.139999,103.239997,102.79,102.86,116939
1749061800,0,"2025-06-04 18:30:00",102.879997,102.919998,102.196197,102.319999,132562
1749065400,0,"2025-06-04 19:30:00",102.294998,102.389999,101.819999,101.830001,399113
1749067200,0,"2025-06-04 20:00:00",101.849998,101.849998,101.849998,101.849998,
1749130200,0,"2025-06-05 13:30:00",101.800003,102.069999,101.300003,101.858596,179814
1749133800,0,"2025-06-05 14:30:00",101.879997,102.014999,101.559997,101.739997,105657
1749137400,0,"2025-06-05 15:30:00",101.79,101.86,101.576698,101.759902,76541
1749141000,0,"2025-06-05 16:30:00",101.709999,102.120002,101.709999,101.910003,98281
1749144600,0,"2025-06-05 17:30:00",101.93,102.160003,101.610496,101.739997,178184
1749148200,0,"2025-06-05 18:30:00",101.730003,102.099998,101.730003,101.800003,150530
1749151800,0,"2025-06-05 19:30:00",101.809997,102.089996,101.589996,101.779998,356899
1749153600,0,"2025-06-05 20:00:00",101.769996,101.769996,101.769996,101.769996,
1749216600,0,"2025-06-06 13:30:00",101.830001,102,101.150001,101.730003,185394
1749220200,0,"2025-06-06 14:30:00",101.779998,101.940002,101.285003,101.464996,166248
1749223800,0,"2025-06-06 15:30:00",101.459999,101.584999,101.160003,101.535003,91269
1749227400,0,"2025-06-06 16:30:00",101.580001,101.739997,101.489997,101.739997,105702
1749231000,0,"2025-06-06 17:30:00",101.760002,101.879997,101.698997,101.699996,102629
1749234600,0,"2025-06-06 18:30:00",101.709999,101.760002,101.559997,101.589996,124819
1749238200,0,"2025-06-06 19:30:00",101.61,101.93,101.61,101.779998,412015
1749240000,0,"2025-06-06 20:00:00",101.79,101.79,101.79,101.79,
1749475800,0,"2025-06-09 13:30:00",101.550003,101.589996,100.879997,101.150001,277130
1749479400,0,"2025-06-09 14:30:00",101.205001,101.985,101.160003,101.819999,237736
1749483000,0,"2025-06-09 15:30:00",101.839996,102.261596,101.809997,102.25,189658
1749486600,0,"2025-06-09 16:30:00",102.239997,102.269996,101.970001,102.230003,135256
1749490200,0,"2025-06-09 17:30:00",102.18,102.190002,101.920097,101.989997,120138
1749493800,0,"2025-06-09 18:30:00",102.019996,102.085998,101.569999,101.589996,145766
1749497400,0,"2025-06-09 19:30:00",101.574996,101.599998,101.385002,101.389999,481797
1749499200,0,"2025-06-09 20:00:00",101.410003,101.410003,101.410003,101.410003,
1749562200,0,"2025-06-10 13:30:00",101.574996,101.809997,100.779998,101.089996,660216
1749565800,0,"2025-06-10 14:30:00",101.135002,101.654998,101.019996,101.480003,234179
1749569400,0,"2025-06-10 15:30:00",101.61,101.904998,101.559997,101.760002,140079
1749573000,0,"2025-06-10 16:30:00",101.699996,101.819999,101.620002,101.79,107843
1749576600,0,"2025-06-10 17:30:00",101.779998,101.949096,101.419998,101.529998,121088
1749580200,0,"2025-06-10 18:30:00",101.529998,101.944999,101.519996,101.889999,183903
1749583800,0,"2025-06-10 19:30:00",101.870201,102.04,101.589996,101.879997,547211
1749585600,0,"2025-06-10 20:00:00",101.870002,101.870002,101.870002,101.870002,
1749648600,0,"2025-06-11 13:30:00",101.730003,101.980003,101.214996,101.319999,326672
1749652200,0,"2025-06-11 14:30:00",101.339996,101.730003,101.29,101.625,186681
1749655800,0,"2025-06-11 15:30:00",101.559997,101.985,101.379997,101.800003,262256
1749659400,0,"2025-06-11 16:30:00",101.870002,101.955001,101.739997,101.849998,121866
1749663000,0,"2025-06-11 17:30:00",101.834999,102.029998,101.600303,101.620002,150957
1749666600,0,"2025-06-11 18:30:00",101.629997,101.760002,101.480003,101.650001,162278
1749670200,0,"2025-06-11 19:30:00",101.660003,102.11,101.5,101.949996,507785
1749672000,0,"2025-06-11 20:00:00",101.940002,101.940002,101.940002,101.940002,
1749735000,0,"2025-06-12 13:30:00",102.050003,102.669998,101.940002,102.473197,359064
1749738600,0,"2025-06-12 14:30:00",102.444099,102.519996,102.019996,102.18,211172
1749742200,0,"2025-06-12 15:30:00",102.260002,102.349998,102.129997,102.230003,135033
1749745800,0,"2025-06-12 16:30:00",102.260002,102.529998,102.235,102.470001,101888
1749749400,0,"2025-06-12 17:30:00",102.470001,102.959999,102.470001,102.959999,136376
1749753000,0,"2025-06-12 18:30:00",102.889099,103.050003,102.839996,103.050003,228092
1749756600,0,"2025-06-12 19:30:00",103.039596,103.095001,102.879997,103.029998,360941
1749758400,0,"2025-06-12 20:00:00",103.019996,103.019996,103.019996,103.019996,
1749821400,0,"2025-06-13 13:30:00",103.419898,103.68,102.900001,103.551399,184529
1749825000,0,"2025-06-13 14:30:00",103.569999,103.654998,103.019996,103.190002,143715
1749828600,0,"2025-06-13 15:30:00",103.230003,103.309997,102.900001,102.93,102092
1749832200,0,"2025-06-13 16:30:00",102.93,103.008796,102.720001,102.800003,97926
1749835800,0,"2025-06-13 17:30:00",102.800003,103.305,102.699996,103.184997,219183
1749839400,0,"2025-06-13 18:30:00",103.239997,103.260002,102.949996,103.11,161545
1749843000,0,"2025-06-13 19:30:00",103.099998,103.199996,102.675003,102.940002,415096
1749844800,0,"2025-06-13 20:00:00",102.900001,102.900001,102.900001,102.900001,
1750080600,0,"2025-06-16 13:30:00",103,103.529998,102.61,102.720001,266708
1750084200,0,"2025-06-16 14:30:00",102.745002,102.910003,102.129997,102.239997,162692
1750087800,0,"2025-06-16 15:30:00",102.245002,102.510002,102.074996,102.220001,162283
1750091400,0,"2025-06-16 16:30:00",102.199996,102.254997,101.654998,101.870002,90255
1750095000,0,"2025-06-16 17:30:00",101.885002,101.980003,101.305,101.379997,110927
1750098600,0,"2025-06-16 18:30:00",101.370002,101.75,101.330001,101.529998,388704
1750102200,0,"2025-06-16 19:30:00",101.519996,102.150001,101.519996,101.910003,745702
1750104000,0,"2025-06-16 20:00:00",101.910003,101.910003,101.910003,101.910003,
1750167000,0,"2025-06-17 13:30:00",101.739997,102.008399,100.720001,101.949996,275148
1750170600,0,"2025-06-17 14:30:00",101.959999,102.007301,101.262397,101.61,358547
1750174200,0,"2025-06-17 15:30:00",101.605003,101.650001,101.364997,101.529998,215268
1750177800,0,"2025-06-17 16:30:00",101.549003,102.04,101.529998,101.61,196105
1750181400,0,"2025-06-17 17:30:00",101.599998,101.739997,101.389999,101.739997,171182
1750185000,0,"2025-06-17 18:30:00",101.720001,101.739997,101.500099,101.700996,185920
1750188600,0,"2025-06-17 19:30:00",101.720001,101.855003,101.489997,101.629997,353178
1750190400,0,"2025-06-17 20:00:00",101.620002,101.620002,101.620002,101.620002,
1750253400,0,"2025-06-18 13:30:00",101.650001,101.959999,100.970001,100.970001,265720
1750257000,0,"2025-06-18 14:30:00",100.949996,101.760002,100.800003,101.675003,236421
1750260600,0,"2025-06-18 15:30:00",101.625,101.745597,101.54,101.560302,131388
1750264200,0,"2025-06-18 16:30:00",101.565002,101.599998,101.309997,101.580001,114766
1750267800,0,"2025-06-18 17:30:00",101.559997,101.677696,101.410003,101.660003,141929
1750271400,0,"2025-06-18 18:30:00",101.635002,101.800003,101.166801,101.379997,190307
1750275000,0,"2025-06-18 19:30:00",101.339996,101.510002,101.080001,101.18,334319
1750276800,0,"2025-06-18 20:00:00",101.199996,101.199996,101.199996,101.199996,
1750426200,0,"2025-06-20 13:30:00",101.5,102.239997,101.110099,101.944999,1192295
1750429800,0,"2025-06-20 14:30:00",101.970001,102.61,101.779998,102.410003,180764
1750433400,0,"2025-06-20 15:30:00",102.419998,102.510002,101.650001,101.79,135722
1750437000,0,"2025-06-20 16:30:00",101.754997,102.029998,101.754699,102.010002,110551
1750440600,0,"2025-06-20 17:30:00",102.010101,102.029998,101.7182,101.919998,95252
1750444200,0,"2025-06-20 18:30:00",101.889999,101.910003,101.629997,101.739997,137257
1750447800,0,"2025-06-20 19:30:00",101.724998,102.010002,101.599998,101.75,384184
1750449600,0,"2025-06-20 20:00:00",101.75,101.75,101.75,101.75,
1750685400,0,"2025-06-23 13:30:00",102.480003,103.54,102.375,102.934997,332583
1750689000,0,"2025-06-23 14:30:00",102.970001,103.084999,102.735,103.035003,154110
1750692600,0,"2025-06-23 15:30:00",103,103.275001,102.889999,103.239997,156595
1750696200,0,"2025-06-23 16:30:00",103.235,103.36,102.769996,103.309997,209310
1750699800,0,"2025-06-23 17:30:00",103.339996,103.43,102.75,102.959999,173715
1750703400,0,"2025-06-23 18:30:00",102.93,103.239997,102.760002,103.229301,176797
1750707000,0,"2025-06-23 19:30:00",103.214996,103.425003,103.065002,103.279998,374881
1750708800,0,"2025-06-23 20:00:00",103.309997,103.309997,103.309997,103.309997,
1750771800,0,"2025-06-24 13:30:00",103.065002,103.614997,102.870002,103.470001,261959
1750775400,0,"2025-06-24 14:30:00",103.529998,103.529998,103.235,103.400001,181023
1750779000,0,"2025-06-24 15:30:00",103.415,103.584999,103.279998,103.567901,162687
1750782600,0,"2025-06-24 16:30:00",103.589996,103.919998,103.589996,103.849998,201800
1750786200,0,"2025-06-24 17:30:00",103.86,103.904998,103.639999,103.660003,122823
1750789800,0,"2025-06-24 18:30:00",103.665,103.665,103.25,103.470001,278770
1750793400,0,"2025-06-24 19:30:00",103.470001,103.5708,103.160003,103.269996,496642
1750795200,0,"2025-06-24 20:00:00",103.279998,103.279998,103.279998,103.279998,
1750858200,0,"2025-06-25 13:30:00",103.019996,103.084999,101.849998,102.364997,222658
1750861800,0,"2025-06-25 14:30:00",102.315002,102.315002,101.449996,101.509902,151048
1750865400,0,"2025-06-25 15:30:00",101.485,101.949996,101.419998,101.809997,121920
1750869000,0,"2025-06-25 16:30:00",101.834999,101.959999,101.742996,101.824996,102093
1750872600,0,"2025-06-25 17:30:00",101.830001,101.879501,101.300003,101.36,158725
1750876200,0,"2025-06-25 18:30:00",101.36,101.677001,101.319999,101.569999,191390
1750879800,0,"2025-06-25 19:30:00",101.550003,101.650001,101.239997,101.43,363665
1750881600,0,"2025-06-25 20:00:00",101.410003,101.410003,101.410003,101.410003,
1750944600,0,"2025-06-26 13:30:00",101.809997,102.699996,101.25,101.349998,556195
1750948200,0,"2025-06-26 14:30:00",101.36,101.68,101.153999,101.68,222664
1750951800,0,"2025-06-26 15:30:00",101.68,101.839996,101.559997,101.779998,127804
1750955400,0,"2025-06-26 16:30:00",101.779998,101.849998,101.459999,101.520797,219773
1750959000,0,"2025-06-26 17:30:00",101.54,101.800003,101.345001,101.345001,270708
1750962600,0,"2025-06-26 18:30:00",101.345001,101.900001,101.334999,101.880699,310403
1750966200,0,"2025-06-26 19:30:00",101.900001,102.375,101.830001,102.36,636920
1750968000,0,"2025-06-26 20:00:00",102.349998,102.349998,102.349998,102.349998,
1751031000,0,"2025-06-27 13:30:00",102.489997,102.970001,102.2975,102.970001,202797
1751034600,0,"2025-06-27 14:30:00",102.949996,103.139999,102.599998,102.620002,159940
1751038200,0,"2025-06-27 15:30:00",102.625,103.139999,102.370002,103.114997,231018
1751041800,0,"2025-06-27 16:30:00",103.114997,103.339996,103.024803,103.024803,110340
1751045400,0,"2025-06-27 17:30:00",103.019996,103.150001,102.550003,102.684997,297724
1751049000,0,"2025-06-27 18:30:00",102.68,102.959999,102.370002,102.550003,379739
1751052600,0,"2025-06-27 19:30:00",102.550003,102.569999,102.199996,102.459999,487271
1751054400,0,"2025-06-27 20:00:00",102.459999,102.459999,102.459999,102.459999,
1751290200,0,"2025-06-30 13:30:00",102.25,102.599998,102.059997,102.550003,297911
1751293800,0,"2025-06-30 14:30:00",102.544998,102.771003,102.279998,102.771003,149596
1751297400,0,"2025-06-30 15:30:00",102.779998,102.980003,102.604698,102.900001,183611
1751301000,0,"2025-06-30 16:30:00",102.904998,103.214996,102.900001,102.955001,209583
1751304600,0,"2025-06-30 17:30:00",102.949996,103.029998,102.559997,102.970001,175651
1751308200,0,"2025-06-30 18:30:00",102.959999,103.319999,102.819999,103.319999,247127
1751311800,0,"2025-06-30 19:30:00",103.309997,103.919998,103.240997,103.79,691344
1751313600,0,"2025-06-30 20:00:00",103.760002,103.760002,103.760002,103.760002,
1751376600,0,"2025-07-01 13:30:00",104.199996,104.769996,103.095001,103.584999,483086
1751380200,0,"2025-07-01 14:30:00",103.589996,104.830001,103.589996,104.419998,425348
1751383800,0,"2025-07-01 15:30:00",104.400001,104.61,103.480003,103.559997,283242
1751387400,0,"2025-07-01 16:30:00",103.541,103.739997,103.471,103.649002,173154
1751391000,0,"2025-07-01 17:30:00",103.620002,104.11,103.620002,104.11,220334
1751394600,0,"2025-07-01 18:30:00",104.099998,104.528999,104.010002,104.269996,345449
1751398200,0,"2025-07-01 19:30:00",104.280998,104.449996,104.081001,104.410003,554390
1751400000,0,"2025-07-01 20:00:00",104.389999,104.389999,104.389999,104.389999,
1751463000,0,"2025-07-02 13:30:00",103.849998,104.084999,103.194999,103.839996,322976
1751466600,0,"2025-07-02 14:30:00",103.839996,103.849998,102.589996,102.925003,362413
1751470200,0,"2025-07-02 15:30:00",102.940002,103.260002,102.870002,103.220001,241605
1751473800,0,"2025-07-02 16:30:00",103.190002,103.660003,103.190002,103.589996,181684
1751477400,0,"2025-07-02 17:30:00",103.599998,103.749603,103.404998,103.550003,237878
1751481000,0,"2025-07-02 18:30:00",103.569999,103.870002,103.540802,103.800003,474702
1751484600,0,"2025-07-02 19:30:00",103.739997,103.830001,103.209999,103.29,570740
1751486400,0,"2025-07-02 20:00:00",103.260002,103.260002,103.260002,103.260002,
1751549400,0,"2025-07-03 13:30:00",103.150001,103.879997,102.900001,103.391998,446316
1751553000,0,"2025-07-03 14:30:00",103.400001,104.129997,103.349998,103.720001,323681
1751556600,0,"2025-07-03 15:30:00",103.709999,104.069999,103.68,103.919998,258529
1751560200,0,"2025-07-03 16:30:00",103.949996,104.199996,103.830001,103.86,230119
1751562000,0,"2025-07-03 17:00:00",103.839996,103.879997,103.75,103.879997,340843
1751895000,0,"2025-07-07 13:30:00",103.86,104.089996,103.650001,103.855003,245262
1751898600,0,"2025-07-07 14:30:00",103.870002,104.080001,103.525001,103.931999,180872
1751902200,0,"2025-07-07 15:30:00",103.970001,104.089996,103.639999,103.813796,267265
1751905800,0,"2025-07-07 16:30:00",103.800003,104.209999,103.775001,104.010002,193490
1751909400,0,"2025-07-07 17:30:00",104.029998,104.239997,103.889999,103.889999,166364
1751913000,0,"2025-07-07 18:30:00",103.900001,104.169998,103.780502,103.839996,267179
1751916600,0,"2025-07-07 19:30:00",103.839996,104.220001,103.839996,104.190002,480384
1751918400,0,"2025-07-07 20:00:00",104.169998,104.169998,104.169998,104.169998,
1751981400,0,"2025-07-08 13:30:00",103.375,103.580001,102.389999,102.839996,273376
1751985000,0,"2025-07-08 14:30:00",102.900001,103.805,102.764999,103.589996,275798
1751988600,0,"2025-07-08 15:30:00",103.565002,103.980003,103.18,103.43,194249
1751992200,0,"2025-07-08 16:30:00",103.389999,103.760002,103.190002,103.709999,179591
1751995800,0,"2025-07-08 17:30:00",103.699996,104.010002,103.580001,103.925003,225456
1751999400,0,"2025-07-08 18:30:00",103.949996,104.279998,103.839996,104.080001,321005
1752003000,0,"2025-07-08 19:30:00",104.069999,104.069999,103.889999,103.949996,436637
1752004800,0,"2025-07-08 20:00:00",103.959999,103.959999,103.959999,103.959999,
1752067800,0,"2025-07-09 13:30:00",103.959999,103.959999,103.029998,103.720001,229316
1752071400,0,"2025-07-09 14:30:00",103.730003,104.010002,103.589996,103.970001,192535
1752075000,0,"2025-07-09 15:30:00",103.970001,104.120002,103.650001,103.757896,150783
1752078600,0,"2025-07-09 16:30:00",103.800003,104.339996,103.800003,104.279899,177793
1752082200,0,"2025-07-09 17:30:00",104.285003,104.5997,104.130096,104.559997,227100
1752085800,0,"2025-07-09 18:30:00",104.569999,104.93,104.550003,104.93,262850
1752089400,0,"2025-07-09 19:30:00",104.93,104.949996,104.669998,104.760002,356499
1752091200,0,"2025-07-09 20:00:00",104.739997,104.739997,104.739997,104.739997,
1752154200,0,"2025-07-10 13:30:00",104.099998,105.54,103.86,105.275001,264634
1752157800,0,"2025-07-10 14:30:00",105.29,105.690002,105.29,105.5,190559
1752161400,0,"2025-07-10 15:30:00",105.519996,105.779998,105.470001,105.589996,173619
1752165000,0,"2025-07-10 16:30:00",105.607498,106.050003,105.584999,105.910003,158370
1752168600,0,"2025-07-10 17:30:00",105.904998,106.230003,105.870002,106.169998,140033
1752172200,0,"2025-07-10 18:30:00",106.160003,106.199996,105.889999,106.029998,234859
1752175800,0,"2025-07-10 19:30:00",106.059997,106.205001,105.955001,106.04,468832
1752177600,0,"2025-07-10 20:00:00",106.04,106.04,106.04,106.04,
1752240600,0,"2025-07-11 13:30:00",105.300003,105.5,104.684997,105.275001,305804
1752244200,0,"2025-07-11 14:30:00",105.239997,105.580001,104.800003,104.897003,224228
1752247800,0,"2025-07-11 15:30:00",104.919998,105.205001,104.75,104.769996,153784
1752251400,0,"2025-07-11 16:30:00",104.724998,105.205001,104.684997,105.194999,151654
1752255000,0,"2025-07-11 17:30:00",105.209899,105.480003,105.099998,105.480003,216699
1752258600,0,"2025-07-11 18:30:00",105.470001,105.819999,105.410003,105.809997,346019
1752262200,0,"2025-07-11 19:30:00",105.809997,105.900001,105.254997,105.349998,491587
1752264000,0,"2025-07-11 20:00:00",105.339996,105.339996,105.339996,105.339996,
1752499800,0,"2025-07-14 13:30:00",105.319999,106.220001,105.004997,105.800003,195415
1752503400,0,"2025-07-14 14:30:00",105.800003,105.864997,105,105.319999,181685
1752507000,0,"2025-07-14 15:30:00",105.305,105.470001,104.870002,104.919097,159946
1752510600,0,"2025-07-14 16:30:00",104.904899,105.029998,104.459999,104.660003,200486
1752514200,0,"2025-07-14 17:30:00",104.669998,105.135002,104.589996,105.069999,302826
1752517800,0,"2025-07-14 18:30:00",105.065002,105.199996,104.639999,105,637549
1752521400,0,"2025-07-14 19:30:00",105.04,105.18,104.919998,105.019996,664767
1752523200,0,"2025-07-14 20:00:00",105.019996,105.019996,105.019996,105.019996,
1752586200,0,"2025-07-15 13:30:00",104.760002,104.949996,104.059997,104.160003,341205
1752589800,0,"2025-07-15 14:30:00",104.18,104.620002,103.775001,103.839996,226605
1752593400,0,"2025-07-15 15:30:00",103.870002,104.308998,103.640296,104.224998,171608
1752597000,0,"2025-07-15 16:30:00",104.2499,104.440002,103.989997,104.43,96616
1752600600,0,"2025-07-15 17:30:00",104.43,104.668502,104.230003,104.639999,124553
1752604200,0,"2025-07-15 18:30:00",104.660003,104.919998,104.510002,104.805,234675
1752607800,0,"2025-07-15 19:30:00",104.805,104.910003,104.349998,104.370002,623951
1752609600,0,"2025-07-15 20:00:00",104.400001,104.400001,104.400001,104.400001,
1752672600,0,"2025-07-16 13:30:00",104.400001,105.059997,104.190002,104.560203,186669
1752676200,0,"2025-07-16 14:30:00",104.595199,104.910003,104.150001,104.510002,294590
1752679800,0,"2025-07-16 15:30:00",104.510002,104.900001,104.470001,104.8628,332158
1752683400,0,"2025-07-16 16:30:00",104.86,105.330001,104.793197,105.220001,192928
1752687000,0,"2025-07-16 17:30:00",105.209999,105.449996,105.129997,105.279998,172906
1752690600,0,"2025-07-16 18:30:00",105.2985,105.569999,105.190002,105.544998,270792
1752694200,0,"2025-07-16 19:30:00",105.544998,105.709999,105.43,105.510002,475986
1752696000,0,"2025-07-16 20:00:00",105.489997,105.489997,105.489997,105.489997,
1752759000,0,"2025-07-17 13:30:00",105.18,105.941802,105.120002,105.809997,203006
1752762600,0,"2025-07-17 14:30:00",105.839996,105.892501,105.019996,105.36,176526
1752766200,0,"2025-07-17 15:30:00",105.379997,105.839996,105.089996,105.639999,158952
1752769800,0,"2025-07-17 16:30:00",105.639999,105.845001,105.489997,105.7471,150825
1752773400,0,"2025-07-17 17:30:00",105.769996,106.059997,105.633796,106.050003,239692
1752777000,0,"2025-07-17 18:30:00",106.04,106.190002,105.894996,106,324447
1752780600,0,"2025-07-17 19:30:00",106.010002,106.084999,105.709999,105.940002,561141
1752782400,0,"2025-07-17 20:00:00",105.93,105.93,105.93,105.93,
1752845400,0,"2025-07-18 13:30:00",106.599998,107.919998,105.952796,107.800003,1115810
1752849000,0,"2025-07-18 14:30:00",107.819999,107.863403,106.949996,107.11,400188
1752852600,0,"2025-07-18 15:30:00",107.125,107.5,107.11,107.489997,267488
1752856200,0,"2025-07-18 16:30:00",107.470001,107.769996,107.129997,107.220001,252171
1752859800,0,"2025-07-18 17:30:00",107.224998,107.595001,107.220001,107.379997,648981
1752863400,0,"2025-07-18 18:30:00",107.379997,107.698997,107.375,107.669998,406067
1752867000,0,"2025-07-18 19:30:00",107.660003,107.690002,107.239997,107.410003,719628
1752868800,0,"2025-07-18 20:00:00",107.400001,107.400001,107.400001,107.400001,
1753104600,0,"2025-07-21 13:30:00",107.599998,108.900001,107.5,108.839996,618210
1753108200,0,"2025-07-21 14:30:00",108.809997,108.839996,108.425003,108.800003,361985
1753111800,0,"2025-07-21 15:30:00",108.800003,109.080001,108.675003,108.940002,241255
1753115400,0,"2025-07-21 16:30:00",108.959999,109.050003,108.824996,108.864997,217605
1753119000,0,"2025-07-21 17:30:00",108.868896,108.879997,108.450103,108.635002,176643
1753122600,0,"2025-07-21 18:30:00",108.620002,108.690002,108.480003,108.625,371478
1753126200,0,"2025-07-21 19:30:00",108.629997,108.690002,108.245002,108.559997,457104
1753128000,0,"2025-07-21 20:00:00",108.54,108.54,108.54,108.54,
1753191000,0,"2025-07-22 13:30:00",108.879997,110.5,108.61,109.779998,949488
1753194600,0,"2025-07-22 14:30:00",109.730003,109.739997,109.125,109.279998,268972
1753198200,0,"2025-07-22 15:30:00",109.269996,109.614997,108.989997,109.614997,290276
1753201800,0,"2025-07-22 16:30:00",109.620002,109.919998,109.449996,109.919998,345383
1753205400,0,"2025-07-22 17:30:00",109.919998,110.084999,109.7872,110.019996,150010
1753209000,0,"2025-07-22 18:30:00",110.010002,110.199996,109.79,109.900001,456136
1753212600,0,"2025-07-22 19:30:00",109.889999,110.239997,109.79,110.150001,653194
1753214400,0,"2025-07-22 20:00:00",110.160003,110.160003,110.160003,110.160003,
1753277400,0,"2025-07-23 13:30:00",110.25,110.25,109.050003,109.160003,409278
1753281000,0,"2025-07-23 14:30:00",109.120002,109.639999,108.86,109.11,325044
1753284600,0,"2025-07-23 15:30:00",109.139999,109.419998,108.970001,109.059997,227007
1753288200,0,"2025-07-23 16:30:00",109.050003,109.050003,108.769996,108.9001,208287
1753291800,0,"2025-07-23 17:30:00",108.889999,108.980003,108.364997,108.54,220594
1753295400,0,"2025-07-23 18:30:00",108.54,108.690002,108.364997,108.470001,348446
1753299000,0,"2025-07-23 19:30:00",108.489997,108.989997,108.379997,108.889999,584920
1753300800,0,"2025-07-23 20:00:00",108.889999,108.889999,108.889999,108.889999,
